País,WMO,ICAO,Estação,Latitude,Longitude,Altitude
BZ,01,-,REBIO (LBA),-10.14,-61.91,130
BZ,02,-,ROLIM DE MOURA (LBA),-11.7,-61.78,250
BZ,82014,-,NORMANDIA -RR,3.3,-60.1,100
BZ,82017,SBOI,OIAPOQUE,3.85,-51.82,39
BZ,82022,SBBV,BOA VISTA (AEROPORTO),2.85,-60.7,140
BZ,82024,-,BOA VISTA,2.82,-60.65,90
BZ,82026,SBTS,TIRIOS,-2.22,-55.93,325
BZ,82029,-,AMAPA,2.05,-50.8,0
BZ,82030,SBAM,AMAPA,2.07,-50.85,10
BZ,82042,-,CARACARAI,1.83,-61.13,95
BZ,82067,-,IAUARETE,0.62,-69.2,120
BZ,82068,SBYA,IAUARETE (AEROPORTO),0.62,-69.2,105
BZ,82091,SBMD,MONTE DOURADO,-0.87,-52.6,206
BZ,82092,-,SERRA DO NAVIO,0.9,-52.02,163
BZ,82093,-,CUPIXI,0.62,-51.78,702
BZ,82094,-,PONTA DO CEU,0.77,-50.1,4
BZ,82095,-,PORTO PLATON,0.7,-51.42,84
BZ,82096,-,CANIVETE,0.52,-50.42,3
BZ,82098,SBMQ,MACAPA,0.05,-51.07,15
BZ,82099,-,MACAPA (AEROPORTO),0.05,-51.07,17
BZ,82100,-,PARI-CACHOEIRA,-0.17,-69.97,115
BZ,82103,-,TARACUA,0.07,-68.23,105
BZ,82105,-,RIO ICANA,1.03,-67.53,90
BZ,82106,-,SAO GABRIEL DA CACHOEIRA,-0.15,-66.98,90
BZ,82107,SBUA,SAO GABRIEL DA CACHOEIRA (AERO),-0.15,-66.98,79
BZ,82108,-,TAPURUCUARA,-0.42,-65.03,45
BZ,82111,-,EDUARDO GOMES IN,-3.02,-60.03,
BZ,82113,SWBC,BARCELOS,-0.97,-62.92,40
BZ,82141,-,SOURE,-0.72,-48.55,11
BZ,82143,-,SALINOPOLIS,-0.62,-47.38,14
BZ,82145,-,BRAGANCA (TRACUATEUA),-1.08,-46.93,36
BZ,82167,-,MOURA,-3.45,-61.63,35
BZ,82178,-,OBIDOS,-1.92,-55.52,37
BZ,82181,-,MONTE ALEGRE,-2,-54.08,146
BZ,82184,SBMZ,PORTO DE MOZ,-1.73,-52.25,16
BZ,82188,-,BREVES,-1.68,-50.48,15
BZ,82191,-,BELEM,-1.43,-48.43,10
BZ,82193,SBBE,BELEM (AEROPORTO),-1.37,-48.47,16
BZ,82198,-,TURIACU,-1.72,-45.4,44
BZ,82200,-,IPIRANGA,-2.98,-69.58,0
BZ,82212,-,FONTE BOA,-2.53,-66.17,56
BZ,82240,-,PARINTINS,-2.63,-56.73,29
BZ,82244,SBSN,SANTAREM (AEROPORTO),-2.42,-54.78,72
BZ,82246,-,BELTERRA,-2.63,-54.95,176
BZ,82263,-,CAMETA,-2.25,-49.5,24
BZ,82276,SNCW,ALCANTARA (CLA),-2.37,-44.4,45
BZ,82277,-,FAROL SANTANA,-2.27,-43.62,8
BZ,82279,-,SAO BENTO,-2.68,-44.72,10
BZ,82280,SBSL,SBSL (82280) IN SAO LUIZ AEROPORTO,-2.6,-44.22,
BZ,82281,-,SAO LUIS (AEROPORTO),-2.6,-44.22,53
BZ,82287,-,PARNAIBA,-3.08,-41.78,22
BZ,82288,SBPB,PARNAIBA (AEROPORTO),-2.92,-41.75,5
BZ,82294,-,ACARAU,-2.88,-40.13,16
BZ,82296,-,LUZILANDIA,-3.42,-42.28,49
BZ,82298,-,ESPERANTINA,-3.9,-42.25,87
BZ,82303,-,SAO PAULO DE OLIVENCA,-3.47,-68.95,94
BZ,82317,SBTF,TEFE,-3.37,-64.72,47
BZ,82318,-,TEFE (AEROPORTO),-2.37,-64.72,56
BZ,82326,-,CODAJAS,-3.83,-62.08,49
BZ,82331,-,MANAUS,-3.13,-60.02,72
BZ,82332,SBMN,MANAUS (AEROPORTO PONTA PELADA),-3.13,-59.97,84
BZ,82333,SBEG,MANAUS (AEROPORTO EDUARDO GOMES),-3.02,-60.03,85
BZ,82335,SBIC,ITACOATIARA (AEROPORTO),-3.12,-58.47,43
BZ,82336,-,ITACOATIARA,-3.13,-58.43,40
BZ,82353,SBHT,ALTAMIRA,-3.25,-52.27,74
BZ,82354,-,ALTAMIRA (AEROPORTO),-3.25,-52.25,112
BZ,82360,-,TUCURUI (AEROPORTO),-3.77,-49.72,253
BZ,82361,SBTU,TUCURUI,-3.78,-49.72,40
BZ,82376,-,ZE DOCA,-3.27,-45.65,46
BZ,82382,-,CHAPADINHA,-3.73,-43.35,103
BZ,82392,-,SOBRAL,-3.7,-40.35,83
BZ,82396,-,FORTALEZA,-3.73,-38.55,20
BZ,82397,-,FORTALEZA,-3.77,-38.6,26
BZ,82398,SBFZ,FORTALEZA (AEROPORTO),-3.77,-38.52,25
BZ,82400,SBFN,FERNANDO DE NORONHA,-3.85,-32.42,56
BZ,82410,SBBC,BENJAMIN CONSTANT,-4.37,-70.02,65
BZ,82411,SBTT,TABATINGA (AEROPORTO),-4.25,-69.93,81
BZ,82418,SBUI,CARAUARI,-4.95,-66.9,66
BZ,82425,-,COARI,-4.08,-63.13,46
BZ,82444,SBIH,ITAITUBA (AEROPORTO),-4.25,-56,33
BZ,82445,-,ITAITUBA,-4.27,-55.98,45
BZ,82460,-,BACABAL,-4.22,-44.77,25
BZ,82474,-,CALDEIRAO,-4.28,-41.8,160
BZ,82476,-,CAXIAS,-4.87,-43.35,103
BZ,82480,-,PIRIPIRI,-4.27,-41.78,161
BZ,82487,-,GUARAMIRANGA,-4.28,-39,870
BZ,82491,-,ARACATI,-4.57,-37.77,19
BZ,82493,-,JAGUARUANA (A339),-4.78,-37.77,12
BZ,82532,-,MANICORE (AEROPORTO),-5.82,-61.28,53
BZ,82533,SBMY,MANICORE,-5.82,-61.28,50
BZ,82562,SBMA,MARABA,-5.37,-49.13,95
BZ,82563,-,MARABA (AEROPORTO),-5.37,-49.13,109
BZ,82564,SBIZ,IMPERATRIZ,-5.52,-47.45,123
BZ,82565,-,IMPERATRIZ (AEROPORTO),-5.53,-47.45,131
BZ,82566,-,Imperatriz,-5.53,-47.5,
BZ,82567,SBCJ,CARAJAS (AEROPORTO),-6.12,-50,621
BZ,82568,-,GRAJAU,-5.82,-46.47,163
BZ,82571,-,BARRA DO CORDA,-5.5,-45.23,153
BZ,82578,-,TERESINA,-5.08,-42.82,74
BZ,82579,SBTE,TERESINA (AER. PETRONIO PORTELA),-5.03,-42.82,69
BZ,82583,-,CRATEUS,-5.17,-40.67,299
BZ,82586,-,QUIXERAMOBIM,-5.2,-39.3,212
BZ,82588,-,MORADA NOVA,-5.12,-38.37,44
BZ,82590,-,APODI,-5.65,-37.8,65
BZ,82591,SBMS,MOSSORO,-5.2,-37.37,23
BZ,82592,-,MOSSORO (AEROPORTO),-5.18,-37.35,23
BZ,82594,-,MACAU,-5.12,-36.77,6
BZ,82595,-,CALCANHAR,-5.17,-35.48,14
BZ,82596,-,CEARA-MIRIM,-5.65,-35.65,61
BZ,82598,-,NATAL,-5.77,-35.2,45
BZ,82599,SBNT,NATAL (AEROPORTO),-5.92,-35.25,52
BZ,82605,-,ALTO LONGA,-5.2,-42.25,150
BZ,82610,SBER,EIRUNEPE,-6.67,-69.87,104
BZ,82640,SBEK,JACAREACANGA,-6.23,-57.78,98
BZ,82659,-,ARAGUAINA,-7.2,-48.2,228
BZ,82668,-,SAO FELIX DO XINGU,-6.63,-51.98,150
BZ,82669,-,SAO FELIX DO PIAUI,-5.95,-42.12,184
BZ,82676,-,COLINAS,-6.03,-44.23,180
BZ,82678,SBFO,FLORIANO,-6.77,-43.02,127
BZ,82683,-,TAUA,-6,-40.42,340
BZ,82684,-,MORRO DOS CAVALOS,-7.85,-41.9,242
BZ,82686,-,IGUATU,-6.37,-39.3,217
BZ,82689,-,SAO GONCALO,-6.75,-38.22,217
BZ,82690,-,SERIDO (CAICO),-6.47,-37.08,170
BZ,82691,-,FLORIANA,-6.12,-36.82,324
BZ,82693,-,CRUZETA,-6.43,-36.58,226
BZ,82695,-,CAMARATUBA,-6.55,-35.13,136
BZ,82696,-,AREIA,-6.97,-35.68,575
BZ,82697,-,GUARABIRA,-6.85,-35.48,101
BZ,82704,-,CRUZEIRO DO SUL,-7.62,-72.77,170
BZ,82705,SBCZ,CRUZEIRO DO SUL (AEROPORTO,-7.62,-72.77,199
BZ,82723,SBLB,LABREA,-7.25,-64.83,60
BZ,82727,-,HUMAITA,-7.52,-63,50
BZ,82741,-,ALTO TAPAJOS,-7.35,-57.52,140
BZ,82753,-,OURICURI,-7.9,-40.05,459
BZ,82760,-,OEIRAS,-7.05,-42.07,251
BZ,82764,SBCI,CAROLINA (AEROPORTO),-7.32,-47.47,183
BZ,82765,-,CAROLINA,-7.33,-47.47,193
BZ,82768,-,BALSAS,-7.53,-46.03,259
BZ,82771,-,URUCUI,-7.23,-44.55,187
BZ,82777,-,CAMPOS SALES,-7,-40.38,583
BZ,82779,-,UMBUZEIRO,-7.7,-35.7,499
BZ,82780,-,PICOS,-7.07,-41.48,208
BZ,82781,-,N DA MATA,-7.73,-35.25,87
BZ,82784,-,BARBALHA,-7.32,-39.3,409
BZ,82789,-,TRIUNFO-PB,-7.85,-38.13,1.020
BZ,82791,-,PATOS,-7.02,-37.27,249
BZ,82792,-,MONTEIRO,-7.88,-37.07,599
BZ,82795,SBKG,CAMPINA GRANDE,-7.27,-35.87,548
BZ,82796,-,CAMPINA GRANDE (AEROPORTO),-7.27,-35.88,500
BZ,82797,-,SURUBIM,-7.83,-35.72,418
BZ,82798,SBJP,JOAO PESSOA,-7.15,-34.95,7
BZ,82800,-,JOAO PESSOA (AEROPORTO),-7.12,-34.95,65
BZ,82807,-,TARAUACA,-8.17,-70.77,190
BZ,82808,SBTK,TARAUACA (AEROPORTO),-8.17,-70.77,188
BZ,82816,SBBA,BOCADOACRE,-8.72,-67.32,112
BZ,82824,SBPV,PORTO VELHO (AEROPORTO),-8.72,-63.9,102
BZ,82825,-,PORTO VELHO,-8.77,-63.92,95
BZ,82861,SBAA,CONCEICAO DO ARAGUAIA,-8.35,-49.3,157
BZ,82862,-,CONCEICAO DO ARAGUAIA (AERO),-8.33,-49.3,194
BZ,82863,-,PEDRO AFONSO,-8.97,-48.18,187
BZ,82870,-,VALE DO GURGUEIA,-8.42,-43.72,265
BZ,82879,-,SAO JOAO DO PIAUI,-8.35,-42.25,235
BZ,82882,-,PAULISTANA,-8.13,-41.13,375
BZ,82886,-,CABROBO,-8.52,-39.33,341
BZ,82890,-,ARCOVERDE,-8.42,-37.08,681
BZ,82892,-,PESQUEIRA,-8.4,-36.77,639
BZ,82893,-,GARANHUNS,-8.88,-36.52,822
BZ,82894,-,PAULO AFONSO (AEROPORTO),-9.4,-38.25,269
BZ,82895,-,CARUARU,-8.28,-35.97,529
BZ,82899,SBRF,RECIFE (AEROPORTO),-8.13,-34.92,19
BZ,82900,SBWF,RECIFE,-8.05,-34.92,7
BZ,82913,-,SENA MADUREIRA,-9.07,-68.67,135
BZ,82915,-,RIO BRANCO,-9.97,-67.8,160
BZ,82917,SBRB,RIO BRANCO (AEROPORTO),10,-67.78,143
BZ,82927,-,COTRIGUACU,-9.55,-58.41,250
BZ,82930,SBCC,CACHIMBO (AEROPORTO),-9.35,-54.88,537
BZ,82965,SBAT,ALTA FLORESTA (AEROPORTO),-9.87,-56.1,288
BZ,82970,-,ALTO PARNAIBA,-9.1,-45.93,285
BZ,82975,-,BOM JESUS DO PIAUI,-9.1,-44.12,331
BZ,82976,-,CARACOL,-9.28,-43.33,523
BZ,82979,-,REMANSO,-9.63,-42.1,401
BZ,82983,-,PETROLINA,-9.38,-40.48,370
BZ,82984,SBPL,PETROLINA (AEROPORTO),-9.37,-40.57,375
BZ,82986,SBUF,PAULO AFONSO,-9.4,-38.25,253
BZ,82987,-,PETROLANDIA,-9.07,-38.32,286
BZ,82988,-,MATA GRANDE,-9.12,-37.73,635
BZ,82989,-,AGUA BRANCA,-9.28,-37.9,605
BZ,82990,-,PAO DE ACUCAR,-9.75,-37.43,19
BZ,82991,-,MAJOR ISIDORO,-9.55,-37.02,200
BZ,82992,-,PALMEIRA DOS INDIOS,-9.45,-36.7,275
BZ,82993,SBMO,MACEIO (AEROPORTO),-9.52,-35.77,117
BZ,82994,SBXM,MACEIO,-9.67,-35.7,65
BZ,82995,-,ARAPIRACA,-9.77,-36.63,270
BZ,82996,-,PORTO DE PEDRAS,-9.18,-35.43,50
BZ,82997,-,L DE ANADIA,-9.63,-36.33,135
BZ,83002,-,PENEDO (ALAGOAS),-10.29,-36.58,24
BZ,83007,-,RIO DE JANEIRO -ALTO DA BOA VIST,-22.95,-43.27,347
BZ,83010,-,BRASILEIA,-11.02,-68.73,260
BZ,83011,-,BACACHERI (AEROPORTO),-25.4,-49.23,932
BZ,83013,-,MUNIZ FREIRE,-20.45,-41.4,530
BZ,83015,-,MARIA DA FE,-22.3,-45.38,1.276
BZ,83016,SBGM,GUAJARA MIRIM (AEROPORTO),10.78,-65.28,146
BZ,83032,-,LAMBARI,-21.97,-45.37,878
BZ,83033,-,PALMAS-TO,-10.18,-48.3,280
BZ,83034,-,ITARANA,-19.87,-40.87,245
BZ,83036,-,SAO SEBASTIAO,-23.8,-45.4,5
BZ,83037,-,CORONEL PACHECO,-21.58,-43.25,435
BZ,83038,-,ARACRUZ,-20.63,-40.73,65
BZ,83040,-,JACUTINGA,-22.2,-46.62,853
BZ,83043,-,ALFREDO CHAVES,-20.63,-40.75,110
BZ,83045,-,VENDA NOVA,-20.32,-41.17,750
BZ,83048,-,RIO BONITO,-22.7,-42.63,62
BZ,83049,-,AVELAR,-22.33,-43.42,507
BZ,83052,-,SANTA MONICA,-22.35,-43.7,364
BZ,83054,SBJR,JACAREPAGUA (AEROPORTO),22.97,-43.37,3
BZ,83055,SBPI,PICO COUTO,-22.45,-43.28,0
BZ,83057,-,MACAE - PESAGRO,-19.83,-41.76,0
BZ,83058,SBRQ,SAO ROQUE,23.52,-47.12,750
BZ,83060,-,PARAGUACU PAULISTA,-22.4,-50.57,548
BZ,83061,-,PONTE ALTA,-19.83,-42.63,450
BZ,83062,-,PALOTINA,-24.34,-53.83,371
BZ,83063,SBPN,PORTO NACIONAL (AEROPORTO),10.72,-48.38,265
BZ,83064,-,PORTO NACIONAL,-10.72,-48.42,239
BZ,83065,SBPJ,PALMAS-TO (AEROPORTO),10.28,-48.37,238
BZ,83066,-,SAO SEBASTIAO,-23.8,-45.42,5
BZ,83072,-,SANTA BARBARA,-20.15,-43.4,722
BZ,83074,-,SUZANO (MOGI DAS CRUZES),-23.53,-46.25,730
BZ,83075,-,GUARULHOS,-23.43,-46.47,735
BZ,83076,-,IBIPETUBA,-11.02,-44.52,450
BZ,83077,-,CAMPO TENENTE,-25.98,-49.68,0
BZ,83080,-,COLOMBO,-25.33,-49.23,915
BZ,83083,-,SERRA AZUL,-20.02,-44.35,765
BZ,83086,-,SANTA HELENA,-24.88,-54.38,240
BZ,83087,-,GRANJA JURITI,-22.3,-43.03,980
BZ,83088,-,SENHOR DO BONFIM,-10.47,-40.18,558
BZ,83089,-,MARICA,-22.92,-42.82,4
BZ,83090,-,MONTE SANTO,-10.43,-39.3,464
BZ,83095,SBAR,ARACAJU (AEROPORTO),10.97,-37.07,9
BZ,83096,-,ARACAJU,-10.95,-37.05,5
BZ,83097,-,PROPRIA,-10.2,-36.87,19
BZ,83098,-,CORURIPE,-10.15,-36.17,56
BZ,83100,-,CACOAL,-11.42,-61.5,305
BZ,83103,SBFS,CAMPOS DOS GOITACAZES,-22.02,-41.07,17
BZ,83111,-,VOLTA REDONDA,22.97,-43.37,375
BZ,83112,-,JUIZ DE FORA (AEROPORTO),-21.78,-43.38,911
BZ,83114,-,IGUABA GRANDE,-22.83,-42.18,5
BZ,83115,SBSC,SANTA CRUZ (BORTOLOMEU GUSMAO AERO),22.92,-43.72,3
BZ,83117,-,ILHA RASA,-23.07,-43.15,75
BZ,83118,-,BARBACENA (AEROPORTO),-21.27,-43.75,1.115
BZ,83156,SBSY,SANTA ISABEL DO MORRO,11.57,-50.67,197
BZ,83179,-,BARRA,-11.08,-43.17,402
BZ,83182,-,IRECE,-11.3,-41.87,747
BZ,83184,-,MORRO DO CHAPEU,-11.22,-41.22,1.005
BZ,83186,-,JACOBINA,-11.18,-40.47,484
BZ,83190,-,SERRINHA,-11.63,-38.97,359
BZ,83192,-,CIPO,-11.08,-38.52,145
BZ,83194,-,RIO REAL,-11.48,-37.93,163
BZ,83195,-,ITABAIANINHA,-11.12,-37.82,208
BZ,83200,-,FT PRINCIPE BEIRA,-12.42,-64.38,180
BZ,83208,SBVH,VILHENA (AEROPORTO),12.72,-60.12,612
BZ,83214,-,MATUPA,-10.25,-54.92,285
BZ,83218,-,RIO FERRO,-12.58,-54.75,480
BZ,83220,-,RIO XINGU,-12,-53.4,300
BZ,83221,-,FEIRA DE SANTANA,-12.18,-38.97,230
BZ,83222,-,CRUZ DAS ALMAS,-12.67,-39.08,225
BZ,83223,-,S F DO CONDE,-12.62,-38.67,80
BZ,83225,-,MATA DE S JOAO,-12.53,-38.3,28
BZ,83226,-,CAMACARI,-12.67,-38.32,48
BZ,83227,-,ITAPARICA,-12.87,-38.68,31
BZ,83228,-,PEIXE,-12.05,-48.35,247
BZ,83229,-,SALVADOR,-13,-38.5,51
BZ,83230,-,PITANGUEIRA,-12.97,-38.5,66
BZ,83231,-,PARANA,-12.55,-47.83,255
BZ,83235,-,TAGUATINGA,-12.4,-46.43,604
BZ,83236,-,BARREIRAS,-12.15,-45,439
BZ,83238,-,PARATINGA,-12.68,-43.2,422
BZ,83241,-,JUNDIAI,-23.2,-46.87,1.044
BZ,83242,-,LENCOIS,-12.57,-41.38,439
BZ,83244,-,ITABERABA,-12.55,-40.43,249
BZ,83248,SBSV,SALVADOR (AEROPORTO),12.9,-38.32,6
BZ,83249,-,ALAGOINHAS,-12.28,-38.55,131
BZ,83257,-,PORANGATU,-13.4,-49.16,366
BZ,83262,-,UTIARITI,-13.03,-58.23,386
BZ,83264,-,GLEBA CELESTE,-12.2,-56.5,415
BZ,83267,-,SAO JOSE DO RIO CLARO,-13.43,-56.72,350
BZ,83270,-,CANARANA,-13.5,-52.5,430
BZ,83286,-,CORRENTINA,-13.33,-44.62,587
BZ,83288,SBLP,BOM JESUS DA LAPA,13.27,-43.42,440
BZ,83289,-,BOM JESUS DA LAPA (AEROPORTO),-13.27,-43.42,439
BZ,83292,-,ITUACU,-13.82,-41.3,531
BZ,83295,-,ITIRUCU (JAGUAQUARA),-13.37,-39.95,755
BZ,83297,-,S ANTONIO JESUS,-12.97,-39.27,200
BZ,83302,-,ALCOMAT,-14.25,-59.25,690
BZ,83309,-,DIAMANTINO,-14.4,-56.45,286
BZ,83310,-,ROSARIO DO OESTE,-14.82,-56.42,260
BZ,83319,SBXV,NOVA XAVANTINA,14.68,-52.35,316
BZ,83321,-,ARUANA,-14.93,-51.04,249
BZ,83332,-,POSSE,-14.1,-46.37,825
BZ,83334,-,FORMOSO,-14.93,-46.25,840
BZ,83338,-,ESPINOSA,-14.92,-42.85,570
BZ,83339,-,CAETITE,-14.07,-42.48,882
BZ,83340,-,MONTALVANIA,-14.37,-44.45,560
BZ,83344,SBQV,VITORIA DA CONQUISTA,14.87,-40.87,874
BZ,83345,-,VITORIA DA CONQUISTA (AEROP.),-14.85,-40.85,915
BZ,83347,-,ITABUNA,-14.81,-39.29,60
BZ,83348,SBIL,ILHEUS,14.8,-39.02,60
BZ,83349,-,ILHEUS (AEROPORTO),14.8,-39.02,5
BZ,83350,-,GOIANESIA,-15.22,-49,651
BZ,83358,-,POXOREO,-15.83,-54.38,450
BZ,83359,SBBW,BARRA DO GARCAS,15.87,-52.37,350
BZ,83360,-,COXIPO DA PONTE,-15.6,-56.1,223
BZ,83361,-,CUIABA,-15.55,-56.12,151
BZ,83362,SBCY,CUIABA (AEROPORTO),15.65,-56.12,187
BZ,83363,-,SAO VICENTE,-15.82,-55.42,800
BZ,83364,-,PADRE RICARDO REMETTER,-15.78,-56.07,140
BZ,83365,-,SANGRADOURO,-15.63,-53.9,555
BZ,83368,-,ARAGARCAS,-15.9,-52.23,345
BZ,83373,-,RONCADOR,-15.93,-47.88,1.100
BZ,83374,-,GOIAS,-15.92,-50.13,512
BZ,83375,SBGA,GAMA,16.05,-48.03,700
BZ,83376,-,PIRENOPOLIS,-15.85,-48.97,730
BZ,83377,-,BRASILIA,-15.78,-47.93,1.159
BZ,83378,SBBR,BRASILIA (AEROPORTO),15.87,-47.92,1.061
BZ,83379,-,FORMOSA,-15.53,-47.33,912
BZ,83383,-,BURITIS,-15.62,-46.42,600
BZ,83384,-,ARINOS,-15.9,-46.05,519
BZ,83385,-,S FRANCISCO,-15.95,-44.87,446
BZ,83386,-,JANUARIA,-15.45,-44.37,473
BZ,83387,-,MECURI,-15.53,-53.08,416
BZ,83388,-,MONTE AZUL,-15.08,-42.75,603
BZ,83389,-,MOCAMBINHO,-15.08,-44.02,452
BZ,83393,-,PEDRA AZUL,-16,-41.28,648
BZ,83395,-,JANAUBA,-15.78,-43.3,516
BZ,83398,-,CANAVIEIRAS,-15.67,-38.95,5
BZ,83405,-,CACERES,-16.05,-57.68,118
BZ,83408,-,CARINHANHA,-14.28,-43.77,450
BZ,83409,-,GUIRATINGA,-16.33,-53.75,510
BZ,83410,-,RODONOPOLIS,-16.45,-54.57,284
BZ,83411,-,JUAZEIRO,-9.42,-40.5,371
BZ,83418,-,ANAPOLIS,-16.36,-48.93,1.110
BZ,83419,SBAN,ANAPOLIS (AEROPORTO),16.22,-48.97,1.137
BZ,83423,SBGO,GOIANIA,16.62,-49.22,741
BZ,83424,-,GOIANIA (AEROPORTO),16.62,-49.22,747
BZ,83427,-,LUZIANIA,-16.27,-47.95,964
BZ,83428,-,UNAI,-16.37,-46.55,460
BZ,83432,-,BONFINOPOLIS,-16.57,-45.93,740
BZ,83435,-,S ROMAO,-16.37,-45.07,460
BZ,83436,-,MONTES CLAROS (AEROPORTO),-16.7,-43.82,668
BZ,83437,SBMK,MONTES CLAROS,16.7,-43.82,646
BZ,83438,-,ENG. DOLABELA,-17.1,-43.8,633
BZ,83439,-,GRAO MOGOL,-16.58,-42.73,819
BZ,83440,-,MINAS NOVAS,-17.25,-42.62,921
BZ,83441,-,SALINAS,-16.18,-42.28,472
BZ,83442,-,ARACUAI,-16.83,-42.05,284
BZ,83444,-,JEQUITINHONHA,-16.44,-41.04,259
BZ,83446,-,GUARATINGA,-16.73,-39.55,194
BZ,83452,-,JURAMENTO,-16.78,-43.72,650
BZ,83460,SBPS,PORTO SEGURO (AEROPORTO),16.43,-39.07,51
BZ,83464,-,JATAI,-17.88,-51.72,662
BZ,83467,-,MINEIROS,-17.57,-52.55,800
BZ,83470,-,RIO VERDE,-17.92,-50.92,727
BZ,83479,-,PARACATU,-17.22,-46.88,711
BZ,83481,-,JOAO PINHEIRO,-17.7,-46.17,760
BZ,83483,-,PIRAPORA,-17.33,-44.92,505
BZ,83485,-,CARBONITA,-17.53,-43,736
BZ,83488,-,ITAMARANDIBA,-17.85,-42.85,1.097
BZ,83490,-,ITAMBACURI,-18.02,-41.02,285
BZ,83492,-,TEOFILO OTONI,-17.85,-41.52,356
BZ,83495,-,MUCURICI,-18.12,-40.5,290
BZ,83497,SBCV,CARAVELAS (AEROPORTO),17.62,-39.25,4
BZ,83498,-,CARAVELAS,-17.73,-39.25,3
BZ,83499,-,ABROLHOS,-17.97,-38.7,38
BZ,83500,-,SERRA DOS AIMOROS,-17.25,-40.25,202
BZ,83512,-,COXIM,-18.5,-54.77,287
BZ,83513,-,NHUMIRIM,-18.98,-56.65,89
BZ,83514,-,CAPINOPOLIS,-18.68,-49.57,620
BZ,83521,-,ITUIUTABA,-18.97,-49.52,560
BZ,83522,-,IPAMERI,-17.72,-48.17,752
BZ,83523,-,ITUMBIARA,-18.42,-49.22,449
BZ,83524,-,M A DE MINAS,-18.87,-48.87,756
BZ,83525,SBUL,UBERLANDIA (AEROPORTO),18.87,-48.22,943
BZ,83526,-,CATALAO,-18.18,-47.95,840
BZ,83527,-,UBERLANDIA,-18.92,-48.28,872
BZ,83531,-,PATOS DE MINAS,-18.52,-46.43,940
BZ,83533,-,BOM DESPACHO,-19.72,-45.37,695
BZ,83536,-,CURVELO,-18.77,-44.43,616
BZ,83538,-,DIAMANTINA,-18.25,-43.6,1.297
BZ,83539,-,PATROCINIO,-18.91,-46.98,984
BZ,83541,-,S J EVANGELISTA,-18.42,-47.78,662
BZ,83542,-,GUANHAES,-18.71,-42.84,797
BZ,83543,-,GOVERNADOR VALADARES,-18.85,-41.93,277
BZ,83546,-,ECOPORANGA,-18.37,-40.87,300
BZ,83548,-,CONCEICAO BARRA,-18.62,-39.67,4
BZ,83550,-,SAO MATEUS,-18.7,-39.85,25
BZ,83552,SBCR,CORUMBA,19,-57.67,130
BZ,83554,-,CORUMBA (AEROPORTO),-19,-57.67,142
BZ,83555,-,SAO GABRIEL DA PALHA,-19.02,-40.57,120
BZ,83557,-,BOA ESPERANCA,-18.53,-40.27,100
BZ,83565,-,PARANAIBA,-19.75,-51.18,331
BZ,83566,SBCF,CONFIS (AEROPORTO),19.63,-43.97,828
BZ,83570,-,POMPEU,-19.22,-45,691
BZ,83571,SBPR,BELO HORIZONTE (AEROP. C.PRATES),19.9,-43.98,927
BZ,83574,-,FRUTAL,-20.03,-48.93,543
BZ,83576,SBUR,UBERABA (AEROPORTO),19.77,-47.97,807
BZ,83577,-,UBERABA,-19.75,-47.92,743
BZ,83579,-,ARAXA,-19.6,-46.93,1.004
BZ,83581,-,FLORESTAL,-19.88,-44.42,753
BZ,83582,-,BAMBUI,-20,-45.98,661
BZ,83583,SBBH,BELO HORIZONTE (AEROP. PAMPULHA),19.85,-43.95,785
BZ,83586,-,SETE LAGOAS,-19.47,-44.25,732
BZ,83587,-,BELO HORIZONTE,19.63,-43.97,850
BZ,83588,SBLS,LAGOA SANTA,19.67,-43.88,852
BZ,83589,-,CONCEICAO DO MATO DENTRO,-19.03,-43.43,675
BZ,83590,-,ITABIRA,-19.62,-43.22,845
BZ,83591,-,JOAO MONLEVADE,-19.83,-43.12,859
BZ,83592,-,CARATINGA,-19.8,-42.15,609
BZ,83593,-,ACESITA,-19.52,-47.62,261
BZ,83594,-,USIMINAS (PARAISO),-19.48,-42.53,239
BZ,83595,-,AIMORES,-19.48,-41.07,83
BZ,83596,-,MARILANDIA,-19.4,-40.52,85
BZ,83597,-,LINHARES,-19.42,-40.07,28
BZ,83599,-,MOELA,-24.05,-46.27,100
BZ,83602,-,CONTAGEM,-19.9,-44.1,961
BZ,83605,-,M.A.CLARAS,-19.93,-43.93,1.065
BZ,83608,-,AQUIDAUANA,-20.47,-55.8,207
BZ,83609,-,SANTA FE DO SUL,-20.2,-50.92,402
BZ,83611,-,CAMPO GRANDE,-20.45,-54.62,530
BZ,83612,SBCG,CAMPO GRANDE (AEROPORTO),20.47,-54.67,567
BZ,83613,-,CORONEL FABRICIANO,-19.57,-42.47,210
BZ,83615,-,Agua Clara,-20.45,-52.88,
BZ,83616,-,PRESIDENTE PRUDENTE (AEROPORTO),-22.17,-51.42,450
BZ,83617,SBUP,URUBUPUNGA,20.8,-51.57,356
BZ,83618,-,TRES LAGOAS,-20.78,-51.7,313
BZ,83621,-,ANDRADINA,-20.92,-51.38,329
BZ,83623,-,VOTUPORANGA,-20.42,-49.98,503
BZ,83625,SBBT,BARRETOS,20.58,-48.6,541
BZ,83626,-,COLINA,-20.72,-48.55,589
BZ,83627,-,BEBEDOURO,-20.95,-48.48,601
BZ,83629,-,USINA JUNQUEIRA,-20,-47.77,560
BZ,83630,SBFC,FRANCA,-20.58,-47.43,1.026
BZ,83631,-,SAO SEBASTIAO DO PARAISO,-20.92,-47.12,820
BZ,83632,-,IBIRITE,-20.02,-44.05,814
BZ,83634,-,FURNAS,-20.7,-46.33,735
BZ,83635,-,DIVINOPOLIS,-20.17,-44.87,788
BZ,83636,-,BONSUCESSO,-21.03,-44.78,940
BZ,83637,-,OLIVEIRA,-20.68,-44.82,966
BZ,83638,-,OURO BRANCO,-20.5,-43.7,1.072
BZ,83639,-,CAPARAO,-20.52,-41.9,843
BZ,83640,-,C DO CAMPO,-20.35,-43.5,1.107
BZ,83641,-,OURO PRETO,-20.38,-43.5,1.147
BZ,83642,-,VICOSA,-20.75,-42.85,690
BZ,83643,-,PONTE NOVA,-20.4,-42.91,572
BZ,83644,SBPC,POCOS DE CALDAS (AEROPORTO),21.85,-46.57,1.260
BZ,83645,-,ALEGRE,-20.77,-41.55,277
BZ,83646,-,CACHOEIRO ITAPEMIRIM,-20.85,-41.1,77
BZ,83647,-,SANTA TERESA,-19.93,-40.6,440
BZ,83648,-,VITORIA,-20.32,-40.33,36
BZ,83649,SBVT,VITORIA (AER. GOIABEIRAS),20.27,-40.27,4
BZ,83650,-,TRINDADE (ILHA),-20.5,-29.32,5
BZ,83652,-,RIBEIRAO PRETO (AEROPORTO),-21.13,-47.77,549
BZ,83653,-,MANHUACU,-20.25,-42.05,612
BZ,83654,-,PORTO MURTINHO,-21.72,-57.88,98
BZ,83657,-,FAZENDA MONTE ALEGRE,-21.32,-46.37,823
BZ,83659,-,DOURADOS,-22.23,-54.82,452
BZ,83660,-,MARAMBAIA,-23.05,-43.6,16
BZ,83663,-,PONTA DA ARMACAO,-22.88,-43.03,2
BZ,83665,-,SANTA SOFIA,-21.43,-48.82,759
BZ,83666,-,TAMOIO,-21.78,-48.17,780
BZ,83667,-,SERTAOZINHO,-21.13,-47.98,548
BZ,83668,SBRP,RIBEIRAO PRETO,21.12,-47.77,621
BZ,83669,-,SAO SIMAO,-21.48,-47.55,617
BZ,83670,-,SANTA RITA DO PASSA QUATRO,-21.67,-47.5,715
BZ,83671,SBYS,PIRASSUNUNGA,21.97,-47.32,598
BZ,83672,SBAU,ARACATUBA,21.13,-50.43,397
BZ,83674,SBLN,LINS,21.67,-49.75,426
BZ,83676,-,CATANDUVA,-21.13,-48.97,536
BZ,83678,-,JABOTICABAL,-21.25,-48.3,595
BZ,83680,-,POCOS DE CALDAS,-21.84,-46.57,1.260
BZ,83681,-,CALDAS,21.85,-46.57,1.150
BZ,83682,-,MUZAMBINHO,-21.37,-46.53,1.040
BZ,83683,-,MACHADO,-21.67,-45.92,873
BZ,83684,-,TRES CORACOES,-21.7,-45.25,893
BZ,83685,-,CAMBUQUIRA,-21.85,-45.3,950
BZ,83686,-,CAXAMBU,-21.92,-44.97,864
BZ,83687,-,LAVRAS,-21.23,-45,919
BZ,83688,-,SAO JOAO DEL REI,-21.3,-44.27,991
BZ,83689,SBBQ,BARBACENA,21.25,-43.77,1.171
BZ,83691,-,UBA,-21.12,-42.88,339
BZ,83692,SBJF,JUIZ DE FORA,21.77,-43.38,939
BZ,83693,-,LEOPOLDINA,-21.47,-42.73,280
BZ,83694,-,MURIAE,-21.13,-42.33,289
BZ,83695,-,ITAPERUNA,-21.2,-41.9,123
BZ,83696,-,SANTA MARIA MADALENA,-21.95,-42,620
BZ,83697,-,SAO FIDELIS,-21.62,-41.77,74
BZ,83698,SBCP,CAMPOS,21.7,-41.3,11
BZ,83699,-,B DO ITABAPOANA,-21.3,-40.98,4
BZ,83700,-,SAO TOME,-22.05,-41.05,4
BZ,83702,-,PONTA PORA,-22.53,-55.7,650
BZ,83703,SBPP,PONTA PORA (AEROPORTO),22.55,-55.7,660
BZ,83704,-,IVINHEMA,-22.32,-53.93,369
BZ,83705,-,CAMPOS DO JORDAO,-22.73,-45.58,1.704
BZ,83706,SBPW,PINDAMONHANGABA,-22.97,-45.48,570
BZ,83707,-,PINDAMONHANGABA,-22.92,-45.5,560
BZ,83708,SBGW,GUARATINGUETA (AEROPORTO),22.77,-45.2,537
BZ,83709,-,PIQUETE,-22.6,-45.17,646
BZ,83710,-,C DO BOCAINA,-23.72,-44.53,1.475
BZ,83711,-,BANDEIRANTES,-22.6,-44.47,545
BZ,83712,-,BANANAL,-22.7,-44.43,560
BZ,83713,-,S J DO BARREIRO,-22.67,-44.58,509
BZ,83714,-,CAMPOS DO JORDAO,-22.73,-45.58,1.579
BZ,83715,-,CACHOEIRA GRACA,-23.6,-46.93,875
BZ,83716,SBDN,PRESIDENTE PRUDENTE,22.18,-51.43,436
BZ,83717,-,ASSIS,-22.65,-50.42,350
BZ,83718,-,CORDEIRO,-22.03,-42.37,485
BZ,83719,-,CABO FRIO,-22.98,-42.03,7
BZ,83720,-,PIRACICABA,-22.71,-47.62,575
BZ,83721,SBKP,CAMPINAS (AEROPORTO),23,-47.12,661
BZ,83722,SBBU,BAURU (AEROPORTO),22.32,-49.07,615
BZ,83723,-,JAU,-22.28,-48.55,580
BZ,83725,-,BROTAS,-22.28,-48.13,660
BZ,83726,SBSA,SAO CARLOS,22.02,-47.87,856
BZ,83727,-,LIMEIRA,-22.62,-47.53,542
BZ,83728,-,LIMEIRA,-22.52,-47.42,689
BZ,83729,-,CAMPINAS,-22.9,-47.08,669
BZ,83730,-,MONTE ALEGRE DO SUL,-22.68,-46.67,777
BZ,83731,-,PINHAL,-22.17,-46.73,9
BZ,83732,-,OURO FINO,-22.28,-46.37,925
BZ,83734,-,CRUZEIRO,-22.57,-44.95,514
BZ,83736,-,SAO LOURENCO,-22.1,-45.02,900
BZ,83737,-,PASSA QUATRO,-22.38,-44.97,920
BZ,83738,SBRS,RESENDE,22.47,-44.47,440
BZ,83739,-,VOLTA REDONDA,-22.48,-44.08,374
BZ,83741,-,SBSC (83741) IN RIO DE JANEIRO-SANTA CRUZ,22.92,-43.72,
BZ,83742,-,VASSOURAS,-22.4,-43.67,437
BZ,83743,-,RIO DE JANEIRO,-22.92,-43.17,5
BZ,83744,-,ILHA RASA,-22.42,-42.97,75
BZ,83745,-,NOVA FRIBURGO,-22.28,-42.53,856
BZ,83746,SBGL,RIO DE JANEIRO (AER.GALEAO),22.82,-43.25,6
BZ,83747,-,CABO FRIO,-22.87,-42.02,3
BZ,83748,SBAF,AFONSOS(AEROPORTO),22.87,-43.37,34
BZ,83749,SBME,MACAE (AEROPORTO),22.35,-41.77,2
BZ,83750,-,ALTO DO ITATIAIA,-22.42,-44.83,2.199
BZ,83752,-,BARREIRINHA,-22.45,-44.83,21
BZ,83753,-,VOLTA REDONDA,-22.48,-44.08,417
BZ,83754,-,PINHEIRAL,-22.52,-44,385
BZ,83755,SBRJ,RIO DE JANEIRO (AER.S.DUMONT),22.88,-43.17,3
BZ,83757,-,PIRAI,-22.63,-43.9,545
BZ,83758,-,ILHA GUAIBA,-23,-44.03,65
BZ,83759,SBES,SAO PEDRO DA ALDEIA (AEROPORTO),22.82,-42.1,11
BZ,83760,-,COOPER COTIA,-23.58,-46.88,838
BZ,83762,-,RIO DOURO,-22.62,-43.47,127
BZ,83763,-,TINGUA,-22.58,-43.35,126
BZ,83764,-,XEREM,-22.58,-43.5,144
BZ,83765,-,ARARAS,-22.52,-43.18,820
BZ,83766,SBXO,LONDRINA,-23.38,-51.18,566
BZ,83767,SBMG,MARINGA,23.48,-52.02,542
BZ,83768,SBLO,LONDRINA (AEROPORTO),23.32,-51.12,569
BZ,83769,-,JACAREZINHO,-23.15,-49.97,471
BZ,83770,-,FAZENDA IPANEMA/IPERO,-23.42,-47.58,619
BZ,83772,-,MOGI DAS CRUZES,-23.55,-46.22,775
BZ,83773,-,AVARE,-23.08,-48.9,793
BZ,83774,-,ITAPEVA,-23.95,-48.88,647
BZ,83775,-,GUAIRA,-24.08,-54.25,230
BZ,83776,-,ITAPETININGA,-23.58,-48.05,645
BZ,83777,-,TIETE,-23,-47.72,538
BZ,83778,SBGR,SAO PAULO (AEROP. DE GUARULHOS),23.42,-46.47,750
BZ,83779,SBMT,SAO PAULO (CAMPO DE MARTE),23.52,-46.62,722
BZ,83780,SBSP,SAO PAULO (AEROPORTO CONGONHAS),23.62,-46.63,803
BZ,83781,SBXP,SAO PAULO,-23.5,-46.62,792
BZ,83782,-,SANTOS,-23.93,-46.32,14
BZ,83783,-,CAMPO MOURAO,-24.05,-52.37,616
BZ,83784,-,TAUBATE,-23.02,-45.57,577
BZ,83785,-,SAO SEBASTIAO,-23.82,-45.42,5
BZ,83786,-,UBATUBA,-23.45,-45.07,8
BZ,83787,-,MOELA,-24.05,-46.27,101
BZ,83788,-,ANGRA DOS REIS,-23.02,-44.32,2
BZ,83789,-,SANTA CRUZ,-22.92,-43.68,63
BZ,83790,-,RIO DE JANEIRO -BANGU,-22.87,-43.45,40
BZ,83796,-,RIO DE JANEIRO -JARDIM BOTANICO,-22.97,-43.22,5
BZ,83798,-,RIO DE JANEIRO -SANTA TERESA,-22.92,-43.18,180
BZ,83799,-,RIO DE JANEIRO -PAO DE ACUCAR,-22.97,-43.25,400
BZ,83801,-,REALENGO,-22.87,-43.42,42
BZ,83802,-,SAO BENTO,-22.73,-43.3,6
BZ,83803,-,NITEROI,-22.9,-43.12,14
BZ,83805,-,SANTO ANTONIO DE PADUA,-21.53,-42.15,95
BZ,83806,-,TERESOPOLIS,-22.45,-42.93,959
BZ,83807,-,CARMO,-21.92,-42.62,342
BZ,83808,-,CASA GRANDE,-23.63,-45.92,914
BZ,83809,-,SAO JOSE DOS CAMPOS,-23.23,-45.83,625
BZ,83810,-,SANTA BRANCA C,-23.45,-45.87,700
BZ,83811,-,IVAI,-25,-50.85,808
BZ,83812,-,TATUI,-23.33,-47.87,634
BZ,83813,-,CASTRO,-24.78,-50,1.009
BZ,83814,-,JAGUARIAIVA,-24.25,-49.7,923
BZ,83815,-,LARANJEIRAS,-22.92,-43.22,17
BZ,83816,-,MAGE,-22.63,-48.12,4
BZ,83818,SBST,SANTOS (AEROPORTO),23.92,-46.28,3
BZ,83819,-,SAO BERNARDO DO CAMPO,-23.72,-46.53,748
BZ,83820,-,TELEMACO BORBA,-24.48,-50.65,600
BZ,83821,-,IGUAPE,-24.72,-47.55,3
BZ,83823,-,ITAPEMA (VIC.CARVALHO),-23.92,-46.42,21
BZ,83824,-,ITU,-23.27,-47.28,616
BZ,83825,-,ILHA DO MEL,-25.48,-48.32,4
BZ,83826,-,FOZ DO IGUACU,-25.55,-54.57,154
BZ,83827,SBFI,FOZ DO IGUACU (AEROPORTO),25.6,-54.48,180
BZ,83828,-,TOLEDO,-24.4,-53.73,550
BZ,83829,SBSJ,SAO JOSE DOS CAMPOS (AEROPORTO),23.22,-45.87,646
BZ,83830,-,CASCAVEL,-24.93,-53.43,760
BZ,83831,-,SAO MIGUEL IGUACU,-25.33,-54.25,290
BZ,83834,-,GUARAPUAVA,-25.4,-51.47,1.024
BZ,83836,-,IRATI,-25.47,-50.63,837
BZ,83837,SBGS,PONTA GROSSA,-25.1,-50.17,868
BZ,83839,-,CAMPO LARGO,-25.47,-49.43,922
BZ,83840,SBCT,CURITIBA (AEROPORTO),25.52,-49.17,908
BZ,83842,SBBI,CURITIBA,25.4,-49.23,924
BZ,83843,-,SANTO AMARO,-23.55,-46.33,746
BZ,83844,SBPG,PARANAGUA,25.52,-48.52,5
BZ,83845,-,CANANEIA,-25.02,-47.93,16
BZ,83846,-,JAMBEIRO,-23.25,-45.7,380
BZ,83848,-,BAIRRO ALTO,-23.47,-45.3,705
BZ,83849,-,CUNHA,-23.12,-45.13,967
BZ,83850,-,BORACEIA,-23.77,-45.8,870
BZ,83851,-,SOROCABA,-23.48,-47.43,645
BZ,83852,-,UBATUBA,-23.44,-45.07,3
BZ,83853,-,IPIRANGA (GUARUJA),-23.93,-46.3,1
BZ,83854,-,VILA DEODORO,-23.58,-46.6,789
BZ,83855,-,F DE HIGIENE,-22.57,-46.63,816
BZ,83856,-,SAO PAULO H F,-23.45,-46.65,775
BZ,83857,-,TREMEMBE,-22.97,-45.55,546
BZ,83858,-,XANXERE,-26.85,-52.4,841
BZ,83859,-,TUPI,-22.72,-47.55,550
BZ,83860,-,PALMAS-PR,-26.48,-51.98,1.090
BZ,83862,-,SAO MIGUEL DO OESTE,-26.78,-53.5,664
BZ,83864,-,PORTO UNIAO,-26.23,-51.07,778
BZ,83865,-,IRINEOPOLIS,-26.25,-50.8,777
BZ,83867,-,RIO NEGRO,-26.1,-49.8,824
BZ,83870,-,TIMBO,-26.83,-49.27,70
BZ,83871,-,BLUMENAU,-26.83,-49.09,18
BZ,83872,-,INDAIAL,-26.9,-49.22,68
BZ,83873,-,FRAIBURGO,-27.05,-50.93,1.145
BZ,83874,-,SAO FRANCISCO DO SUL,-26.25,-48.65,72
BZ,83876,-,SANTA ROSA,-27.9,-54.52,299
BZ,83881,-,IRAI,-27.18,-53.23,247
BZ,83883,SBCH,CHAPECO,27.13,-52.67,679
BZ,83885,-,MARCELINO RAMOS,-27.47,-51.9,383
BZ,83887,-,CAMPOS NOVOS,-27.38,-51.2,947
BZ,83889,-,MONTE CARLO,-27.2,-50.95,982
BZ,83891,-,LAGES,-27.82,-50.33,937
BZ,83894,-,BOM RETIRO,-27.78,-49.48,1.224
BZ,83895,-,ARVOREDO,-27.3,-48.35,20
BZ,83897,SBXF,FLORIANOPOLIS,-27.58,-48.57,2
BZ,83898,-,CAMBORIU,-27,-48.63,8
BZ,83899,SBFL,FLORIANOPOLIS (AEROPORTO),27.67,-48.53,5
BZ,83901,-,SAO BORJA,-28.65,-56.03,74
BZ,83904,-,JOACABA,-27.17,-51.55,776
BZ,83905,SBJV,JOINVILLE,26.22,-48.8,4
BZ,83907,-,SAO LUIZ GONZAGA,-28.4,-55.02,245
BZ,83909,-,SANTO ANGELO,-28.28,-54.17,322
BZ,83910,-,PANAMBI,-28.28,-53.48,470
BZ,83912,SBCL,CRUZ ALTA,-28.63,-53.6,464
BZ,83914,SBPF,PASSO FUNDO,28.25,-52.33,684
BZ,83915,-,GUAPORE,-28.92,-51.9,471
BZ,83916,-,LAGOA VERMELHA,-28.22,-51.5,830
BZ,83917,-,ANTONIO PRADO,-28.82,-51.28,700
BZ,83918,-,VACARIA,-28.55,-50.87,955
BZ,83919,-,BOM JESUS,-28.67,-50.43,1.048
BZ,83920,-,SAO JOAQUIM,-28.28,-49.92,1.402
BZ,83921,-,ARARANGUA,-28.88,-49.52,12
BZ,83922,-,ORLEANS,-28.33,-49.33,156
BZ,83923,-,URUSSANGA,-28.52,-49.32,48
BZ,83924,-,LAGUNA,-28.48,-48.8,31
BZ,83925,-,SANTA MARTA,-28.6,-48.82,45
BZ,83926,SBNF,NAVEGANTES (AEROPORTO),26.88,-48.65,5
BZ,83927,-,URUGUAIANA,-29.75,-57.08,62
BZ,83928,SBUG,URUGUAIANA (AEROPORTO),29.77,-57.02,74
BZ,83929,-,ITAQUI,-29.12,-56.53,76
BZ,83931,-,ALEGRETE,-29.68,-55.52,121
BZ,83932,-,IBIRUBA,-28.62,-53.12,394
BZ,83933,-,SANTIAGO,-29.18,-54.88,426
BZ,83935,-,JULIO CASTILHO,-29.22,-53.68,516
BZ,83936,-,SANTA MARIA,-29.7,-53.7,95
BZ,83937,SBSM,SANTA MARIA (AEROPORTO),29.72,-53.7,85
BZ,83938,-,SOLEDADE,-29.05,-52.43,717
BZ,83940,-,TAGUARI,-29.8,-51.83,76
BZ,83941,-,BENTO GONCALVES,-29.15,-51.52,619
BZ,83942,-,CAXIAS DO SUL,-29.17,-51.2,759
BZ,83943,-,TAQUARA,-29.75,-50.75,35
BZ,83944,-,CANELA,-29.37,-50.83,829
BZ,83945,-,S F DE PAULA,-29.33,-50.52,922
BZ,83946,-,CAMBARA DO SUL,-29.05,-50.13,905
BZ,83948,SBTR,TORRES,29.35,-49.73,31
BZ,83950,-,LAJEADO,-29.43,-51.95,67
BZ,83951,-,NOVO HAMBURGO,-29.63,-51.13,35
BZ,83952,SBCO,CANOAS,29.95,-51.15,9
BZ,83953,-,SANTANA DO LIVRAMENTO,-30.88,-55.53,231
BZ,83954,-,TRIUNFO-RS,-29.87,-51.38,43
BZ,83955,-,CACEQUI,-29.88,-54.78,125
BZ,83956,-,DOM PEDRITO,-30.98,-54.67,140
BZ,83957,-,SAO GABRIEL,-30.33,-54.32,124
BZ,83959,-,CACAPAVA DO SUL,-30.52,-53.48,450
BZ,83961,-,CAMPO BOM,-29.68,-51.05,25
BZ,83963,-,CACHOEIRA DO SUL,-30,-52.94,77
BZ,83964,-,ENCRUZILHADA DO SUL,-30.53,-52.52,428
BZ,83966,-,TAPES,-30.83,-51.58,5
BZ,83967,-,PORTO ALEGRE,29.95,-51.15,47
BZ,83968,-,VIAMAO,-30.08,-50.78,0
BZ,83970,-,MOSTARDAS,-31.25,-50.9,5
BZ,83971,SBPA,PORTO ALEGRE (AEROPORTO),30,-51.17,3
BZ,83972,-,TEUTONIA,-29.45,-51.8,63
BZ,83980,-,BAGE,-31.33,-54.1,242
BZ,83981,SBBG,BAGE (AEROPORTO),31.38,-54.12,180
BZ,83983,-,PIRATINI,-31.45,-53.1,345
BZ,83984,-,PELOTAS (AEROPORTO),-31.72,-52.32,18
BZ,83985,SBPK,PELOTAS,31.72,-52.33,13
BZ,83992,-,JAGUARAO,-32.57,-53.38,50
BZ,83995,SBRG,RIO GRANDE,32.02,-52.08,2
BZ,83997,-,SANTA VITORIA DO PALMAR,-33.52,-53.35,24
BZ,83998,-,CHUI,-33.75,-53.37,13
BZ,83999,-,MONTE DOURADO,-0.88,-52.6,200
BZ,89091,-,MONTE DOURADO,-0.88,-52.6,206
BZ,-,SWPI,PARINTINS,-2.67,-56.78,27
BZ,-,SBLE,LENCOIS. AEROP. CHAPADA DIAMANTI,12.48,-41.28,511
BZ,-,SBTC,UNA - AER. HOTEL TRANSAMERIC,15.35,-38.98,6
BZ,-,SBJU,JOAZEIRO DO NORTEAER. CARIRI CE,-7.22,-39.27,409
BZ,-,SBIT,ITUMBIARA,18.43,-49.2,497
BZ,-,SBMC,MINACU,13.55,-48.2,440
BZ,-,SBAX,ARAXA-M,19.57,-46.97,999
BZ,-,SBFT,FRONTERA-MG,20.28,-49.18,487
BZ,-,SBGV,GOVERNADOR VALADARE,18.88,-41.98,171
BZ,-,SBIP,SANTANA DO PARAISO (AER. USIMINA,19.47,-42.48,239
BZ,-,SBFU,SAO JOSE DA BARRA - MG (AER. FUR,20.68,-46.32,735
BZ,-,SBVG,VARGINHA (AER.BRIG. TROMPOWSKY,21.58,-45.47,923
BZ,-,SBTB,ORIXIMINA (AEROPORTO TROMBETAS)-,-1.48,-56.38,87
BZ,-,SBCA,CASCAVEL-PR,25,-53.5,754
BZ,-,SBGU,GUARAPUAVA-PR (AER. TANCREDO T.,25.38,-51.52,1.065
BZ,-,SBTL,TELEMACO BORBA,24.32,-50.65,796
BZ,-,SBTD,TOLEDO,24.68,-53.7,565
BZ,-,SBBZ,BUZIOS-RJ (AER. UMBERTO MODIANO,-22.75,-41.95,3
BZ,-,SBCB,CABO FRIO,22.92,-42.08,4
BZ,-,SBMM,MARLIM P20 OIL,22.35,-40.08,10
BZ,-,SBEC,PIRANA P15 OIL,22.67,-40.6,10
BZ,-,SBNM,AEROP. SANTO ANGELO - R,28.27,-54.17,322
BZ,-,SBCX,CAXIAS DO SUL - AER. CAMPO DOS B,29.2,-51.18,754
BZ,-,SBCD,CACADOR,26.78,-50.93,1.029
BZ,-,SBCN,CRICIUMA-SC (AER. FORQUILINHA,-28.72,-49.42,28
BZ,-,SBCM,FORQUILHINHA,28.72,-49.42,28
BZ,-,SBLJ,LAGES,27.78,-50.28,934
BZ,-,SBAQ,ARARAQUARA-S,21.8,-48.13,708
BZ,-,SBAS,ASSIS - S,22.63,-50.45,564
BZ,-,SBGP,GAVIAO PEIXOTO,21.77,-48.4,609
BZ,-,SBML,MARILHA - SP,22.18,-49.92,647
BZ,-,SBSR,SAO JOSE DO RIO PRET,20.8,-49.4,543
BZ,-,SBTA,TAUBATE-SP (BASE AVIACAO TAUBATE,23.03,-45.5,586
BZ,-,SBXI,CACHIMBO-IN-PAR,-9.35,-54.88,
BZ,-,SBUY,PORTO URUCU,-4.88,-65.35,
